{"stat.useItem.minecraft.diamond_hoe":8,"stat.walkOneCm":57226,"stat.pickup.tutorial.pedestal":1,"achievement.openInventory":20,"stat.pickup.minecraft.leather":4,"stat.mineBlock.minecraft.yellow_flower":2,"stat.mineBlock.minecraft.red_flower":9,"stat.mineBlock.minecraft.double_plant":6,"stat.mobKills":2,"stat.useItem.minecraft.dye":18,"stat.useItem.minecraft.diamond_sword":4,"stat.pickup.tutorial.corn":8,"stat.pickup.tutorial.cornseed":16,"stat.flyOneCm":96320,"stat.useItem.tutorial.cornseed":8,"stat.pickup.minecraft.wheat_seeds":22,"stat.jump":38,"stat.swimOneCm":666,"stat.playOneMinute":32338,"stat.pickup.minecraft.beef":5,"stat.pickup.minecraft.red_flower":9,"stat.sneakTime":897,"stat.damageDealt":200,"stat.crouchOneCm":3080,"stat.timeSinceDeath":32338,"stat.killEntity.Cow":2,"stat.pickup.minecraft.yellow_flower":2,"stat.pickup.minecraft.dirt":8,"stat.sprintOneCm":19055,"stat.mineBlock.minecraft.dirt":8,"stat.useItem.minecraft.stone_slab2":79,"achievement.exploreAllBiomes":{"value":0,"progress":["Sunflower Plains","ForestHills","DesertHills","Forest","River","Plains","Desert","Savanna"]},"stat.mineBlock.minecraft.tallgrass":198}